<?xml version="1.0" encoding="utf-8"?>
<odoo>
    <data noupdate="0">
        <record id="hr_rule_warning" model="hr.salary.rule">
            <field name="name">Warning</field>
            <field name="sequence" eval="198"/>
            <field name="code">WA</field>
            <field name="category_id" ref="hr_payroll.DED"/>
            <field name="condition_select">python</field>
			<field name="condition_python">result = inputs.Warning</field>
            <field name="amount_select">code</field>
            <field name="amount_python_compute">result = inputs.Warning.amount</field>
        </record>
		
        <record forcecreate="True" id="ir_cron_warning_expire" model="ir.cron">
            <field name="name">Employees Warnings: Check Expiry</field>
            <field name="model_id" ref="model_hr_warning"/>
            <field name="state">code</field>
            <field name="code">model.check_expire()</field>
            <field eval="False" name="active" />
            <field name="user_id" ref="base.user_root" />
            <field name="interval_number">1</field>
            <field name="interval_type">days</field>
			<field name="active">True</field>
            <field name="numbercall">-1</field>
            <field eval="False" name="doall" />
        </record>
    </data>
</odoo>