<?xml version="1.0" encoding="utf-8"?>
<odoo>
    <data noupdate="0">
        <record id="hr_rule_loan" model="hr.salary.rule">
            <field name="name">Loan</field>
            <field name="sequence" eval="199"/>
            <field name="code">LO</field>
            <field name="category_id" ref="hr_payroll.DED"/>
            <field name="condition_select">python</field>
			<field name="condition_python">result = inputs.Loan</field>
            <field name="amount_select">code</field>
            <field name="amount_python_compute">result = inputs.Loan.amount</field>
        </record>
    </data>
</odoo>